question_name,question_link,type,difficulty,,,,,,
Number of factors,https://www.geeksforgeeks.org/problems/number-of-factors1435/1,ClassWork,Easy,,,,,,
Prime Number,https://www.geeksforgeeks.org/problems/prime-number2314/1,ClassWork,Easy,,,,,,
Bulb Switcher,https://leetcode.com/problems/bulb-switcher/,HomeWork,Easy,,,,,,
LOOP_CMPL,https://www.interviewbit.com/problems/loopcmpl/,ClassWork,Easy,,,,,,
NESTED_CMPL,https://www.interviewbit.com/problems/nestedcmpl/,ClassWork,Easy,,,,,,
NESTED_CMPL2,https://www.interviewbit.com/problems/nestedcmpl2/,ClassWork,Easy,,,,,,
CHOOSE4,https://www.interviewbit.com/problems/choose4/,ClassWork,Easy,,,,,,
WHILE_CMPL,https://www.interviewbit.com/problems/whilecmpl/,ClassWork,Easy,,,,,,
NESTED_CMPL3,https://www.interviewbit.com/problems/nestedcmpl3/,ClassWork,Medium,,,,,,
LOOP_CMPL2,https://www.interviewbit.com/problems/loopcmpl2/,ClassWork,Medium,,,,,,
CHOOSE3,https://www.interviewbit.com/problems/choose3/,ClassWork,Medium,,,,,,
CHOOSE2,https://www.interviewbit.com/problems/choose2/,ClassWork,Medium,,,,,,
CHOOSE1,https://www.interviewbit.com/problems/choose1/,ClassWork,Medium,,,,,,
Two Sum,https://leetcode.com/problems/two-sum/,ClassWork,Easy,,,,,,
Count Pairs Whose Sum is Less than Target,https://leetcode.com/problems/count-pairs-whose-sum-is-less-than-target/,ClassWork,Easy,,,,,,
Largest Positive Integer That Exists With Its Negative,https://leetcode.com/problems/largest-positive-integer-that-exists-with-its-negative/,HomeWork,Easy,,,,,,
Count Number of Pairs With Absolute Difference K,https://leetcode.com/problems/count-number-of-pairs-with-absolute-difference-k/,HomeWork,Easy,,,,,,
Second largest,https://www.geeksforgeeks.org/problems/second-largest3735/1,HomeWork,Easy,,,,,,
Check if Array Is Sorted and Rotated,https://leetcode.com/problems/check-if-array-is-sorted-and-rotated/description/,HomeWork,Easy,,,,,,
Rotate Array,https://leetcode.com/problems/rotate-array/description/,ClassWork,Medium,,,,,,
Rotating an Array,https://www.geeksforgeeks.org/problems/reversal-algorithm5340/1,ClassWork,Medium,,,,,,
Reverse array in groups,https://www.geeksforgeeks.org/problems/reverse-array-in-groups0255/1,HomeWork,Easy,,,,,,
Reverse String,https://leetcode.com/problems/reverse-string/description/,HomeWork,Easy,,,,,,
Check if Array Is Sorted and Rotated,https://leetcode.com/problems/check-if-array-is-sorted-and-rotated/description/,HomeWork,Easy,,,,,,
Reverse Words in a String,https://leetcode.com/problems/reverse-words-in-a-string/,HomeWork,Hard,,,,,,
Array Leaders,https://www.geeksforgeeks.org/problems/leaders-in-an-array-1587115620/1?itm_source=geeksforgeeks&itm_medium=article&itm_campaign=practice_card,ClassWork,Medium,,,,,,
Best Time to Buy and Sell Stock,https://leetcode.com/problems/best-time-to-buy-and-sell-stock/description/,HomeWork,Easy,,,,,,
Equilibrium index of an array,https://www.geeksforgeeks.org/problems/equilibrium-point-1587115620/1,ClassWork,Easy,,,,,,
Magic Triplets,https://www.geeksforgeeks.org/problems/magic-triplets4003/1?itm_source=geeksforgeeks&itm_medium=article&itm_campaign=practice_card,HomeWork,Medium,,,,,,
Ways to Make a Fair Array,https://leetcode.com/problems/ways-to-make-a-fair-array/description/,HomeWork,Hard,,,,,,
Number of Arithmetic Triplets,https://leetcode.com/problems/number-of-arithmetic-triplets/,HomeWork,Medium,,,,,,
Count Partitions with Even Sum Difference,https://leetcode.com/problems/count-partitions-with-even-sum-difference/,HomeWork,Medium,,,,,,
Running Sum of 1d Array,https://leetcode.com/problems/running-sum-of-1d-array/,ClassWork,Easy,,,,,,
Prefix Sum Queries 1,https://www.hackerrank.com/contests/pwioi-dsa-assignments/challenges/prefix-sum-queries-1,ClassWork,Medium,,,,,,
Average of Prefix,https://www.geeksforgeeks.org/problems/average4856/1?page=1&category=prefix-sum&sortBy=submissions,HomeWork,Easy,,,,,,
Maximum prefix sum for a given range,https://www.geeksforgeeks.org/problems/maximum-prefix-sum-for-a-given-range0227/1,HomeWork,Medium,,,,,,
Maximum prefix sum for a given range,https://www.geeksforgeeks.org/problems/maximum-prefix-sum-for-a-given-range0227/1,HomeWork,Medium,,,,,,
Sum of Subarrays,https://www.geeksforgeeks.org/problems/sum-of-subarrays2229/1?itm_source=geeksforgeeks&itm_medium=article&itm_campaign=practice_card,ClassWork,Medium,,,,,,
Split an array into two equal Sum subarrays,https://www.geeksforgeeks.org/problems/split-an-array-into-two-equal-sum-subarrays/1?page=1&category=prefix-sum&sortBy=submissions,HomeWork,Easy,,,,,,
Sum of All Odd Length Subarrays,https://leetcode.com/problems/sum-of-all-odd-length-subarrays/,HomeWork,Medium,,,,,,
Shortest un-ordered subarray,https://www.geeksforgeeks.org/problems/shortest-un-ordered-subarray3634/1?page=2&category=Arrays&sortBy=difficulty,HomeWork,Medium,,,,,,
Sum of Subarray Ranges,https://leetcode.com/problems/sum-of-subarray-ranges/,HomeWork,Medium,,,,,,
Minimum distance in an Array,https://www.geeksforgeeks.org/problems/minimum-distance-between-two-numbers/1,HomeWork,Medium,,,,,,
Max Sum Subarray of size K,https://www.geeksforgeeks.org/problems/max-sum-subarray-of-size-k5313/1?itm_source=geeksforgeeks&itm_medium=article&itm_campaign=practice_card,ClassWork,Medium,,,,,,
Maximum average subarray I ,https://leetcode.com/problems/maximum-average-subarray-i/description/,HomeWork,Medium,,,,,,
Increasing Triplet Sequence,https://leetcode.com/problems/increasing-triplet-subsequence/description/,HomeWork,Medium,,,,,,
Pick from both sides!,https://www.interviewbit.com/problems/pick-from-both-sides/,HomeWork,Medium,,,,,,
Maximum Subarray,https://leetcode.com/problems/maximum-subarray/description/,ClassWork,Easy,,,,,,
Max Non Negative SubArray,https://www.interviewbit.com/problems/max-non-negative-subarray/,HomeWork,Medium,,,,,,
Smallest sum contiguous subarray,https://www.geeksforgeeks.org/problems/smallest-sum-contiguous-subarray/1,HomeWork,Easy,,,,,,
Diagonal sum,https://www.geeksforgeeks.org/problems/diagonal-sum0158/1?page=1&category=Matrix&sortBy=difficulty,ClassWork,Easy,,,,,,
Sum of elements in a matrix,https://www.geeksforgeeks.org/problems/sum-of-elements-in-a-matrix2000/1?page=1&category=Matrix&sortBy=difficulty,ClassWork,Easy,,,,,,
Row Sum in a Matrix,https://www.geeksforgeeks.org/problems/row-sum-in-a-matrix/1?page=1&category=Matrix&sortBy=difficulty,ClassWork,Easy,,,,,,
Column Sum in a Matrix,https://www.geeksforgeeks.org/problems/column-sum-in-a-matrix/1?page=1&category=Matrix&sortBy=difficulty,ClassWork,Easy,,,,,,
Print Diagonally,https://www.geeksforgeeks.org/problems/print-diagonally4331/1?page=3&category=Matrix&sortBy=difficulty,ClassWork,Medium,,,,,,
Identical Matrices,https://www.geeksforgeeks.org/problems/identical-matrices1042/1?page=1&category=Matrix&sortBy=difficulty,HomeWork,Easy,,,,,,
Sums of i-th row and i-th column,https://www.geeksforgeeks.org/problems/sums-of-i-th-row-and-i-th-column3054/1?page=1&category=Matrix&sortBy=difficulty,HomeWork,Easy,,,,,,
Squares in a Matrix,https://www.geeksforgeeks.org/problems/squares-in-a-matrix5716/1?page=1&category=Matrix&sortBy=difficulty,HomeWork,Easy,,,,,,
Addition of two square matrices,https://www.geeksforgeeks.org/problems/addition-of-two-square-matrices4916/1?page=1&category=Matrix&sortBy=difficulty,HomeWork,Easy,,,,,,
Find difference between sum of diagonals,https://www.geeksforgeeks.org/problems/find-difference-between-sum-of-diagonals1554/1?page=1&category=Matrix&sortBy=difficulty,HomeWork,Easy,,,,,,
Count Sorted Rows,https://www.geeksforgeeks.org/problems/count-sorted-rows2702/1?page=1&category=Matrix&sortBy=difficulty,HomeWork,Medium,,,,,,
Starting Point,https://www.geeksforgeeks.org/problems/starting-point0909/1?page=1&category=Matrix&sortBy=difficulty,HomeWork,Medium,,,,,,
Boundary Elements of Matrix,https://www.geeksforgeeks.org/problems/boundary-elements-of-matrix1102/1?page=2&category=Matrix&sortBy=difficulty,ClassWork,Medium,,,,,,
Spiral Matrix II,https://leetcode.com/problems/spiral-matrix-ii/,ClassWork,Hard,,,,,,
Matrix Boundary Traversal,https://www.geeksforgeeks.org/problems/boundary-traversal-of-matrix-1587115620/1?page=2&category=Matrix&sortBy=difficulty,HomeWork,Medium,,,,,,
Spirally traversing a matrix,https://www.geeksforgeeks.org/problems/spirally-traversing-a-matrix-1587115621/1?page=4&category=Matrix&sortBy=difficulty,HomeWork,Hard,,,,,,
Reverse Spiral Form of Matrix,https://www.geeksforgeeks.org/problems/reverse-spiral-form-of-matrix4033/1?page=4&category=Matrix&sortBy=difficulty,HomeWork,Hard,,,,,,
Spiral Matrix,https://www.geeksforgeeks.org/problems/spiral-matrix--141631/1?page=6&category=Matrix&sortBy=difficulty,HomeWork,Hard,,,,,,
Spiral Matrix III,https://leetcode.com/problems/spiral-matrix-iii/,HomeWork,Hard,,,,,,
Multiply 2 matrices,https://www.geeksforgeeks.org/problems/multiply-2-matrices4144/1?page=1&category=Matrix&sortBy=difficulty,ClassWork,Medium,,,,,,
Swapping Triangles,https://www.geeksforgeeks.org/problems/swapping-triangles5209/1?page=1&category=Matrix&sortBy=difficulty,ClassWork,Easy,,,,,,
Rotate by 90 degree,https://www.geeksforgeeks.org/problems/rotate-by-90-degree-1587115621/1?page=2&category=Matrix&sortBy=difficulty,ClassWork,Medium,,,,,,
Transpose of Matrix,https://www.geeksforgeeks.org/problems/transpose-of-matrix-1587115621/1?page=2&category=Matrix&sortBy=difficulty,ClassWork,Medium,,,,,,
Interchanging the rows of a Matrix,https://www.geeksforgeeks.org/problems/transpose-of-matrix-1587115621/1?page=2&category=Matrix&sortBy=difficulty,HomeWork,Medium,,,,,,
Rotate a Matrix by 180 Counterclockwise,https://www.geeksforgeeks.org/problems/c-matrix-rotation-by-180-degree0745/1?page=2&category=Matrix&sortBy=difficulty,HomeWork,Medium,,,,,,
Reversing the columns of a Matrix,https://www.geeksforgeeks.org/problems/reversing-the-columns-of-a-matrix-1587115621/1?page=3&category=Matrix&sortBy=difficulty,HomeWork,Medium,,,,,,
Magic Square,https://www.geeksforgeeks.org/problems/magic-square/1?page=3&category=Matrix&sortBy=difficulty,HomeWork,Hard,,,,,,
Set Matrix Zeroes,https://leetcode.com/problems/set-matrix-zeroes/,ClassWork,Hard,,,,,,
Game of Life,https://leetcode.com/problems/game-of-life/,HomeWork,Medium,,,,,,
Number of Laser Beams in a Bank,https://leetcode.com/problems/number-of-laser-beams-in-a-bank/,HomeWork,Medium,,,,,,
Add Binary Strings,https://www.geeksforgeeks.org/problems/add-binary-strings3805/1,ClassWork,Medium,,,,,,
K-th Bit is Set or Not,https://www.geeksforgeeks.org/problems/check-whether-k-th-bit-is-set-or-not-1587115620/1,ClassWork,Easy,,,,,,
Unique Number I,https://www.geeksforgeeks.org/problems/find-unique-number/1,ClassWork,Easy,,,,,,
Exceptionally odd,https://www.geeksforgeeks.org/problems/find-the-odd-occurence4820/1?page=1&category=Bit%20Magic&sortBy=submissions,ClassWork,Easy,,,,,,
Missing in Array,https://www.geeksforgeeks.org/problems/missing-number-in-array1416/1?page=1&category=Bit%20Magic&sortBy=submissions,HomeWork,Easy,,,,,,
First Set Bit,https://www.geeksforgeeks.org/problems/find-first-set-bit-1587115620/1?page=1&category=Bit%20Magic&sortBy=submissions,HomeWork,Easy,,,,,,
Find position of set bit,https://www.geeksforgeeks.org/problems/find-position-of-set-bit3706/1,HomeWork,Easy,,,,,,
First and last Bit,https://www.geeksforgeeks.org/problems/first-and-last-bit2357/1,HomeWork,Easy,,,,,,
Find one extra character,https://www.geeksforgeeks.org/problems/find-one-extra-character/0,HomeWork,Easy,,,,,,
Play With OR,https://www.geeksforgeeks.org/problems/play-with-or5515/1?page=3&category=Bit%20Magic&sortBy=difficulty,HomeWork,Easy,,,,,,
Number of 1 Bits,https://www.geeksforgeeks.org/problems/set-bits0143/1,ClassWork,Easy,,,,,,
Bit Manipulation,https://www.geeksforgeeks.org/problems/bit-manipulation-1666686020/1,ClassWork,Easy,,,,,,
Count unset bits in a given Range,https://www.geeksforgeeks.org/problems/count-unset-bits-in-a-given-range1216/1,HomeWork,Easy,,,,,,
Set all the bits in given range of a number,https://www.geeksforgeeks.org/problems/set-all-the-bits-in-given-range-of-a-number4538/1?page=4&category=Bit%20Magic&sortBy=difficulty,HomeWork,Easy,,,,,,
Bit Difference,https://www.geeksforgeeks.org/problems/bit-difference-1587115620/1?page=1&category=Bit%20Magic&sortBy=submissions,HomeWork,Easy,,,,,,
Longest Consecutive 1's,https://www.geeksforgeeks.org/problems/longest-consecutive-1s-1587115620/1?page=1&category=Bit%20Magic&sortBy=submissions,HomeWork,Easy,,,,,,
Power of 2,https://www.geeksforgeeks.org/problems/power-of-2-1587115620/1?page=1&category=Bit%20Magic&sortBy=submissions,HomeWork,Easy,,,,,,
C++ Nega Bit,https://www.geeksforgeeks.org/problems/c-nega-bit2019/1,HomeWork,Easy,,,,,,
Bitwise OR in a given Range,https://www.geeksforgeeks.org/problems/ishaans-curiosity0853/1?page=4&category=Bit%20Magic&sortBy=difficulty,HomeWork,Medium,,,,,,
Is Binary Number Multiple of 3,https://www.geeksforgeeks.org/problems/is-binary-number-multiple-of-30654/1?page=1&category=Bit%20Magic&sortBy=submissions,HomeWork,Medium,,,,,,
Bleak Numbers,https://www.geeksforgeeks.org/problems/bleak-numbers1552/1?page=2&category=Bit%20Magic&sortBy=submissions,HomeWork,Medium,,,,,,
Unique Number III,https://www.geeksforgeeks.org/problems/find-element-occuring-once-when-all-other-are-present-thrice/1,ClassWork,Medium,,,,,,
Unique Number II,https://www.geeksforgeeks.org/problems/finding-the-numbers0215/1,ClassWork,Medium,,,,,,
Akku and Binary Numbers,https://www.geeksforgeeks.org/problems/akku-and-binary-numbers0902/1?page=6&category=Bit%20Magic&sortBy=difficulty,HomeWork,Hard,,,,,,
Even Subsets,https://www.geeksforgeeks.org/problems/even-subsets/1?page=4&category=Bit%20Magic&sortBy=difficulty,ClassWork,Medium,,,,,,
Missing And Repeating,https://www.geeksforgeeks.org/problems/find-missing-and-repeating2512/1,ClassWork,Medium,,,,,,
Print all bitwise subsets of a number N,https://www.geeksforgeeks.org/problems/print-all-bitwise-subsets-of-a-number-n3301/1?page=3&category=Bit%20Magic&sortBy=difficulty,HomeWork,Medium,,,,,,
Sum of XOR of all pairs,https://www.geeksforgeeks.org/problems/sum-of-xor-of-all-pairs0723/1,ClassWork,Medium,,,,,,
Total Hamming Distance,https://www.geeksforgeeks.org/problems/total-hamming-distance/1?page=5&category=Bit%20Magic&sortBy=difficulty,HomeWork,Medium,,,,,,
Sum of bit differences,https://www.geeksforgeeks.org/problems/sum-of-bit-differences2937/1?page=5&category=Bit%20Magic&sortBy=difficulty,HomeWork,Medium,,,,,,
Minimum X (xor) A,https://www.geeksforgeeks.org/problems/minimum-x-xor-a--170645/1?page=5&category=Bit%20Magic&sortBy=difficulty,HomeWork,Medium,,,,,,
Sum of Products,https://www.geeksforgeeks.org/problems/sum-of-products5049/1?page=6&category=Bit%20Magic&sortBy=difficulty,HomeWork,Medium,,,,,,
Sum of XOR of all possible subsets,https://www.geeksforgeeks.org/problems/sum-of-xor-of-all-possible-subsets/1?page=6&category=Bit%20Magic&sortBy=difficulty,HomeWork,Hard,,,,,,
Maximum XOR of two numbers in an array,https://www.geeksforgeeks.org/problems/sum-of-xor-of-all-possible-subsets/1?page=6&category=Bit%20Magic&sortBy=difficulty,HomeWork,Hard,,,,,,
Minimum XOR value pair,https://www.geeksforgeeks.org/problems/minimum-xor-value-pair/1,ClassWork,Easy,,,,,,
Maximum AND Value,https://www.geeksforgeeks.org/problems/maximum-and-value2637/1,ClassWork,Medium,,,,,,
Counts Zeros Xor Pairs,https://www.geeksforgeeks.org/problems/counts-zeros-xor-pairs0349/1?page=3&category=Bit%20Magic&sortBy=difficulty,HomeWork,Medium,,,,,,
Count total set bits,https://www.geeksforgeeks.org/problems/count-total-set-bits-1587115620/1?page=1&category=Bit%20Magic&sortBy=submissions,ClassWork,Hard,,,,,,
Gray to Binary equivalent,https://www.geeksforgeeks.org/problems/gray-to-binary-equivalent-1587115620/1?page=6&category=Bit%20Magic&sortBy=difficulty,ClassWork,Hard,,,,,,
Count Primes,https://leetcode.com/problems/count-primes/,ClassWork,Medium,,,,,,
Closest Prime Numbers in Range,https://leetcode.com/problems/closest-prime-numbers-in-range/,ClassWork,Medium,,,,,,
N-divisors,https://www.geeksforgeeks.org/problems/n-divisors5123/1,ClassWork,Easy,,,,,,
Sum 1 to n Divisors,https://www.geeksforgeeks.org/problems/sum-of-all-divisors-from-1-to-n4738/1,HomeWork,Easy,,,,,,
Count Odd Factors,https://www.geeksforgeeks.org/problems/count-odd-factors0844/1,HomeWork,Easy,,,,,,
Prime Pairs With Target Sum,https://leetcode.com/problems/prime-pairs-with-target-sum/,HomeWork,Medium,,,,,,
Distinct Prime Factors of Product of Array,https://leetcode.com/problems/distinct-prime-factors-of-product-of-array/,HomeWork,Hard,,,,,,
Count pairs in array divisible by K,https://www.geeksforgeeks.org/problems/count-pairs-in-array-divisible-by-k/1,ClassWork,Medium,,,,,,
Product of Primes,https://www.geeksforgeeks.org/problems/product-of-primes5328/1,HomeWork,Medium,,,,,,
Product of an Array,https://www.geeksforgeeks.org/problems/product-of-array-element/1?page=6&category=Arrays&sortBy=difficulty,HomeWork,Easy,,,,,,
Excel Sheet Column Number,https://leetcode.com/problems/excel-sheet-column-number/,HomeWork,Medium,,,,,,
Frequencies in a Limited Array,https://www.geeksforgeeks.org/problems/frequency-of-array-elements-1587115620/1,ClassWork,Easy,,,,,,
Rearrange an array with O(1) extra space,https://www.geeksforgeeks.org/problems/rearrange-an-array-with-o1-extra-space3142/1,ClassWork,Easy,,,,,,
Pascal Triangle,https://www.geeksforgeeks.org/problems/pascal-triangle0652/1,ClassWork,Medium,,,,,,
nCr,https://www.geeksforgeeks.org/problems/ncr1019/1,HomeWork,Medium,,,,,,
Rank The Permutations,https://www.geeksforgeeks.org/problems/rank-the-permutations2229/1,HomeWork,Medium,,,,,,
"GCD of two numbers
",https://www.geeksforgeeks.org/problems/gcd-of-two-numbers3459/1,ClassWork,Easy,,,,,,
GCD of Array,https://www.geeksforgeeks.org/problems/gcd-of-array0614/1,HomeWork,Easy,,,,,,
Sum of GCDs,https://www.geeksforgeeks.org/problems/sum-of-gcds1050/1,HomeWork,Medium,,,,,,
Array Subset,https://www.geeksforgeeks.org/problems/array-subset-of-another-array2317/1?page=1&category=Hash&sortBy=difficulty,HomeWork,Easy,,,,,,
Check Arithmetic Progression,https://www.geeksforgeeks.org/problems/check-arithmetic-progression1842/1?page=1&category=Hash&sortBy=difficulty,HomeWork,Easy,,,,,,
Difference between highest and lowest occurrence,https://www.geeksforgeeks.org/problems/difference-between-highest-and-lowest-occurrence4613/1?page=1&category=Hash&sortBy=difficulty,HomeWork,Easy,,,,,,
Find unique element,https://www.geeksforgeeks.org/problems/find-unique-element2632/1?page=1&category=Hash&sortBy=difficulty,HomeWork,Easy,,,,,,
Distinct Elements in a Stream,https://www.geeksforgeeks.org/problems/distinct-elements-in-a-stream1557/1?page=1&category=Hash&sortBy=difficulty,HomeWork,Easy,,,,,,
Count number of elements between two given elements in array,https://www.geeksforgeeks.org/problems/count-number-of-elements-between-two-given-elements-in-array4044/1?page=1&category=Hash&sortBy=difficulty,HomeWork,Medium,,,,,,
Anagram Palindrome,https://www.geeksforgeeks.org/problems/anagram-palindrome4720/1?page=1&category=Hash&sortBy=difficulty,HomeWork,Easy,,,,,,
Repeated Character,https://www.geeksforgeeks.org/problems/repeated-character2058/1?page=1&category=Hash&sortBy=difficulty,HomeWork,Easy,,,,,,
Contains Duplicate,https://leetcode.com/problems/contains-duplicate/,HomeWork,Easy,,,,,,
Intersection of Two Arrays,https://leetcode.com/problems/intersection-of-two-arrays/,HomeWork,Easy,,,,,,
Intersection of Two Arrays II,https://leetcode.com/problems/intersection-of-two-arrays-ii/,HomeWork,Medium,,,,,,
Find the Difference,https://leetcode.com/problems/find-the-difference/,HomeWork,Easy,,,,,,
Find distinct elements,https://www.geeksforgeeks.org/problems/find-distinct-elements--130928/1,ClassWork,Easy,,,,,,
Remove duplicates in array,https://www.geeksforgeeks.org/problems/remove-duplicates-in-small-prime-array/1,HomeWork,Easy,,,,,,
Unique Number of Occurrences,https://leetcode.com/problems/unique-number-of-occurrences/,HomeWork,Easy,,,,,,
Sum of Unique Elements,https://leetcode.com/problems/sum-of-unique-elements/,HomeWork,Easy,,,,,,
Majority Element,https://leetcode.com/problems/majority-element/,HomeWork,Easy,,,,,,
Ransom Note,https://leetcode.com/problems/ransom-note/,HomeWork,Easy,,,,,,
Longest Palindrome,https://leetcode.com/problems/longest-palindrome/,HomeWork,Easy,,,,,,
Subarray with 0 sum,https://www.geeksforgeeks.org/problems/subarray-with-0-sum-1587115621/1,ClassWork,Medium,,,,,,
Largest subarray with 0 sum,https://www.geeksforgeeks.org/problems/largest-subarray-with-0-sum/1,ClassWork,Medium,,,,,,
Contiguous Array,https://leetcode.com/problems/contiguous-array/,ClassWork,Medium,,,,,,
Two Sum,https://leetcode.com/problems/two-sum/,ClassWork,Medium,,,,,,
Zero Sum Subarrays,https://www.geeksforgeeks.org/problems/zero-sum-subarrays1825/1,HomeWork,Medium,,,,,,
Count pairs with given sum,https://www.geeksforgeeks.org/problems/count-pairs-with-given-sum--150253/1,ClassWork,Medium,,,,,,
Count Number of Pairs With Absolute Difference K,https://leetcode.com/problems/count-number-of-pairs-with-absolute-difference-k/,HomeWork,Medium,,,,,,
Pairs with difference k,https://www.geeksforgeeks.org/problems/pairs-with-difference-k1713/1,HomeWork,Medium,,,,,,
Subarray Sum Equals K,https://leetcode.com/problems/subarray-sum-equals-k/,ClassWork,Medium,,,,,,
Count distinct elements in every window,https://www.geeksforgeeks.org/problems/count-distinct-elements-in-every-window/1,ClassWork,Medium,,,,,,
Maximum Sum of Distinct Subarrays With Length K,https://leetcode.com/problems/maximum-sum-of-distinct-subarrays-with-length-k/,HomeWork,Medium,,,,,,
Subarray Sums Divisible by K,https://leetcode.com/problems/subarray-sums-divisible-by-k/,HomeWork,Medium,,,,,,
Longest Consecutive Sequence,https://leetcode.com/problems/longest-consecutive-sequence/description/,ClassWork,Medium,,,,,,
Length of the Longest Alphabetical Continuous Substring,https://leetcode.com/problems/length-of-the-longest-alphabetical-continuous-substring/,HomeWork,Medium,,,,,,
Number of Zero-Filled Subarrays,https://leetcode.com/problems/number-of-zero-filled-subarrays/,HomeWork,Medium,,,,,,
Find the Maximum Number of Elements in Subset,https://leetcode.com/problems/find-the-maximum-number-of-elements-in-subset/,HomeWork,Hard,,,,,,
Factorial,https://www.geeksforgeeks.org/problems/factorial5739/1,ClassWork,Easy,,,,,,
Print N to 1 without loop,https://www.geeksforgeeks.org/problems/print-n-to-1-without-loop/0,ClassWork,Easy,,,,,,
Print 1 to n without using loops,https://www.geeksforgeeks.org/problems/print-1-to-n-without-using-loops3621/1,ClassWork,Easy,,,,,,
Print GFG n times,https://www.geeksforgeeks.org/problems/print-gfg-n-times/0,ClassWork,Easy,,,,,,
Power Using Recursion,https://www.geeksforgeeks.org/problems/power-using-recursion/1?page=1&category=Recursion&sortBy=difficulty,HomeWork,Easy,,,,,,
Sum of Digits of a Number,https://www.geeksforgeeks.org/problems/sum-of-digits-of-a-number/1?page=1&category=Recursion&sortBy=difficulty,HomeWork,Easy,,,,,,
Count Total Digits in a Number,https://www.geeksforgeeks.org/problems/count-total-digits-in-a-number/1?page=1&category=Recursion&sortBy=difficulty,HomeWork,Easy,,,,,,
Recursive sequence,https://www.geeksforgeeks.org/problems/recursive-sequence1611/1?page=1&category=Recursion&sortBy=difficulty,HomeWork,Hard,,,,,,
Fibonacci Number,https://leetcode.com/problems/fibonacci-number/,ClassWork,Easy,,,,,,
G.F Series,https://www.geeksforgeeks.org/problems/gf-series3535/1?page=1&category=Recursion&sortBy=difficulty,ClassWork,Easy,,,,,,
Count Total Digits in a Number,https://www.geeksforgeeks.org/problems/count-total-digits-in-a-number/1?page=1&category=Recursion&sortBy=difficulty,ClassWork,Easy,,,,,,
Digital Root,https://www.geeksforgeeks.org/problems/digital-root/1?page=1&category=Recursion&sortBy=difficulty,ClassWork,Medium,,,,,,
"Pow(x, n)",https://leetcode.com/problems/powx-n/,ClassWork,Hard,,,,,,
Recamans sequence,https://www.geeksforgeeks.org/problems/recamans-sequence4856/1?page=1&category=Recursion&sortBy=difficulty,ClassWork,Hard,,,,,,
Print Pattern,https://www.geeksforgeeks.org/problems/print-pattern3549/1?page=1&category=Recursion&sortBy=difficulty,HomeWork,Medium,,,,,,
Josephus problem,https://www.geeksforgeeks.org/problems/josephus-problem/1?page=1&category=Recursion&sortBy=difficulty,HomeWork,Hard,,,,,,
Juggler Sequence,https://www.geeksforgeeks.org/problems/juggler-sequence3930/1?page=1&category=Recursion&sortBy=difficulty,HomeWork,Hard,,,,,,
REC_CMPL1,https://www.interviewbit.com/problems/reccmpl1/,ClassWork,Hard,,,,,,
REC_CMPL2,https://www.interviewbit.com/problems/reccmpl2/,ClassWork,Hard,,,,,,
REC_CMPL3,https://www.interviewbit.com/problems/reccmpl3/,ClassWork,Hard,,,,,,
Tower Of Hanoi,https://www.geeksforgeeks.org/problems/tower-of-hanoi-1587115621/1,ClassWork,Easy,,,,,,
Modular Exponentiation,https://www.geeksforgeeks.org/problems/modular-exponentiation-for-large-numbers5537/1,ClassWork,Easy,,,,,,
Super Pow,https://leetcode.com/problems/super-pow/,HomeWork,Medium,,,,,,
Bubble Sort,https://www.geeksforgeeks.org/problems/bubble-sort/1,ClassWork,Easy,,,,,,
Selection Sort,https://www.geeksforgeeks.org/problems/selection-sort/1,ClassWork,Easy,,,,,,
Maximum product of two numbers,https://www.geeksforgeeks.org/problems/maximum-product-of-two-numbers2730/1,HomeWork,Easy,,,,,,
Maximum Product of Three Numbers,https://leetcode.com/problems/maximum-product-of-three-numbers/,HomeWork,Medium,,,,,,
Minimum Product of k Integers,https://www.geeksforgeeks.org/problems/minimum-product-of-k-integers2553/1?page=1&category=Sorting&sortBy=difficulty,HomeWork,Easy,,,,,,
Stable Sort and Position,https://www.geeksforgeeks.org/problems/stable-sort-and-position1359/1?page=1&category=Sorting&sortBy=difficulty,HomeWork,Easy,,,,,,
Maximum Perimeter of Triangle from array,https://www.geeksforgeeks.org/problems/maximum-perimeter-of-triangle-from-array4322/1?page=1&category=Sorting&sortBy=difficulty,HomeWork,Easy,,,,,,
Largest three distinct elements,https://www.geeksforgeeks.org/problems/largest-three-distinct-elements/1?page=2&category=Sorting&sortBy=difficulty,HomeWork,Easy,,,,,,
Insertion Sort,https://www.geeksforgeeks.org/problems/insertion-sort/1,ClassWork,Easy,,,,,,
Merge Sorted Array,https://leetcode.com/problems/merge-sorted-array/description/,ClassWork,Medium,,,,,,
Merging two unsorted arrays in sorted order,https://www.geeksforgeeks.org/problems/merging-two-unsorted-arrays-in-sorted-order1020/1?page=2&category=Sorting&sortBy=difficulty,ClassWork,Medium,,,,,,
Squares of a Sorted Array,https://leetcode.com/problems/squares-of-a-sorted-array/,HomeWork,Medium,,,,,,
Merge and Sort,https://www.geeksforgeeks.org/problems/merge-and-sort5821/1?page=1&category=Sorting&sortBy=difficulty,HomeWork,Easy,,,,,,
Intersection of Two arrays with Duplicate Elements,https://www.geeksforgeeks.org/problems/intersection-of-two-arrays-with-duplicate-elements/1?page=2&category=Sorting&sortBy=difficulty,HomeWork,Easy,,,,,,
Sort the Half Sorted,https://www.geeksforgeeks.org/problems/sort-the-half-sorted2157/1?page=1&category=Sorting&sortBy=difficulty,HomeWork,Easy,,,,,,
Merge Sort,https://www.geeksforgeeks.org/problems/merge-sort/1,ClassWork,Medium,,,,,,
Count Inversions,https://www.geeksforgeeks.org/problems/inversion-of-array-1587115620/1,ClassWork,Medium,,,,,,
Count of Smaller Numbers After Self,https://leetcode.com/problems/count-of-smaller-numbers-after-self/,HomeWork,Medium,,,,,,
Maximum number of partitions that can be sorted individually to make sorted,https://www.geeksforgeeks.org/problems/maximum-number-of-partitions-that-can-be-sorted-individually-to-make-sorted2926/1?page=3&category=Sorting&sortBy=difficulty,HomeWork,Medium,,,,,,
Equalize an array in minimum operations,https://www.geeksforgeeks.org/problems/equalize-an-array3405/1?page=6&category=Sorting&sortBy=difficulty,HomeWork,Medium,,,,,,
Reverse Pairs,https://leetcode.com/problems/reverse-pairs/,HomeWork,Hard,,,,,,
Smallest Positive Integer that can not be represented as Sum,https://www.geeksforgeeks.org/problems/smallest-number-subset1220/1,HomeWork,Hard,,,,,,
Sort an Array of 1 to n,https://www.geeksforgeeks.org/problems/sort-an-array-which-contains-1-to-n-values-using-mathematical-formula/1?page=2&category=Sorting&sortBy=difficulty,ClassWork,Easy,,,,,,
The Optimal Selection,https://www.geeksforgeeks.org/problems/the-optimal-selection5413/1?page=3&category=Sorting&sortBy=difficulty,HomeWork,Easy,,,,,,
Merge three sorted arrays,https://www.geeksforgeeks.org/problems/merge-three-sorted-arrays-1587115620/1?page=6&category=Sorting&sortBy=difficulty,HomeWork,Easy,,,,,,
Sorting Employees,https://www.geeksforgeeks.org/problems/sorting-employees5907/1?selectedLang=cpp,ClassWork,Easy,,,,,,
K closest point to origin,https://www.geeksforgeeks.org/problems/product-array-puzzle4634/1?page=7&category=Sorting&sortBy=difficulty,ClassWork,Easy,,,,,,
Largest Number,https://leetcode.com/problems/largest-number/,ClassWork,Easy,,,,,,
Sort Array by Increasing Frequency,https://leetcode.com/problems/sort-array-by-increasing-frequency/,ClassWork,Easy,,,,,,
Sort by Set Bit Count,https://www.geeksforgeeks.org/problems/sort-by-set-bit-count1153/1?page=2&category=Sorting&sortBy=difficulty,HomeWork,Easy,,,,,,
Sort Characters By Frequency,https://leetcode.com/problems/sort-characters-by-frequency/,HomeWork,Easy,,,,,,
Largest Even Number,https://www.geeksforgeeks.org/problems/largest-even-number3821/1?page=6&category=Sorting&sortBy=difficulty,HomeWork,Medium,,,,,,
Minimum sum,https://www.geeksforgeeks.org/problems/minimum-sum4058/1?page=7&category=Sorting&sortBy=difficulty,HomeWork,Hard,,,,,,
Marks of PCM,https://www.geeksforgeeks.org/problems/marks-of-pcm2529/1?page=9&category=Sorting&sortBy=difficulty,HomeWork,Easy,,,,,,
Sorted Array Search,https://www.geeksforgeeks.org/problems/who-will-win-1587115621/1,ClassWork,Easy,,,,,,
Search Insert Position,https://leetcode.com/problems/search-insert-position/description/?envType=problem-list-v2&envId=binary-search&difficulty=EASY,HomeWork,Easy,,,,,,
Floor in a Sorted Array,https://www.geeksforgeeks.org/problems/floor-in-a-sorted-array-1587115620/1?itm_source=geeksforgeeks&itm_medium=article&itm_campaign=practice_card,ClassWork,Easy,,,,,,
Implement Lower Bound,https://www.geeksforgeeks.org/problems/implement-lower-bound/1?page=1&category=Binary%20Search&sortBy=difficulty,ClassWork,Easy,,,,,,
"First 1 in a Sorted Binary Array
",https://www.geeksforgeeks.org/problems/index-of-first-1-in-a-sorted-array-of-0s-and-1s4048/1,HomeWork,Easy,,,,,,
Find First and Last Position of Element in Sorted Array,https://leetcode.com/problems/find-first-and-last-position-of-element-in-sorted-array/description/,ClassWork,Easy,,,,,,
k sorted array,https://www.geeksforgeeks.org/problems/k-sorted-array1610/1?page=1&category=Binary%20Search&sortBy=difficulty,HomeWork,Medium,,,,,,
Find the closest number,https://www.geeksforgeeks.org/problems/find-the-closest-number5513/1?page=1&category=Binary%20Search&sortBy=difficulty,HomeWork,Easy,,,,,,
Missing element of AP,https://www.geeksforgeeks.org/problems/missing-element-of-ap2228/1?page=2&category=Binary%20Search&sortBy=difficulty,HomeWork,Medium,,,,,,
Find Peak Element,https://leetcode.com/problems/find-peak-element/description/,ClassWork,Medium,,,,,,
Single Element in a Sorted Array,https://leetcode.com/problems/single-element-in-a-sorted-array/description/,ClassWork,Medium,,,,,,
Bitonic Point,https://www.geeksforgeeks.org/problems/maximum-value-in-a-bitonic-array3001/1?page=1&category=Binary%20Search&sortBy=difficulty,HomeWork,Medium,,,,,,
Closer to sort,https://www.geeksforgeeks.org/problems/closer-to-sort-1587115620/1?page=4&category=Searching&sortBy=difficulty,HomeWork,Hard,,,,,,
Sqrt(x),https://leetcode.com/problems/sqrtx/description/,ClassWork,Easy,,,,,,
Valid Perfect Square,https://leetcode.com/problems/valid-perfect-square/,ClassWork,Easy,,,,,,
First Bad Version,https://leetcode.com/problems/first-bad-version/,HomeWork,Easy,,,,,,
Guess Number Higher or Lower,https://leetcode.com/problems/guess-number-higher-or-lower/,HomeWork,Easy,,,,,,
Capacity To Ship Packages Within D Days,https://leetcode.com/problems/capacity-to-ship-packages-within-d-days/description/,HomeWork,Hard,,,,,,
Split Array Largest Sum,https://leetcode.com/problems/split-array-largest-sum/description/,ClassWork,Hard,,,,,,
The Painter's Partition Problem-II,https://www.geeksforgeeks.org/problems/the-painters-partition-problem1535/1,ClassWork,Hard,,,,,,
Cube root of a number,https://www.geeksforgeeks.org/problems/cube-root-of-a-number0915/1,HomeWork,Easy,,,,,,
Allocate Minimum Pages,https://www.geeksforgeeks.org/problems/allocate-minimum-number-of-pages0937/1?page=4&category=Searching&sortBy=difficulty,HomeWork,Medium,,,,,,
Aggressive Cows,https://www.geeksforgeeks.org/problems/aggressive-cows/0,ClassWork,Medium,,,,,,
Find the Smallest Divisor Given a Threshold,https://leetcode.com/problems/find-the-smallest-divisor-given-a-threshold/description/,HomeWork,Medium,,,,,,
Koko Eating Bananas,https://leetcode.com/problems/koko-eating-bananas/description/,HomeWork,Medium,,,,,,
Minimum Speed to Arrive on Time,https://leetcode.com/problems/minimum-speed-to-arrive-on-time/description/,HomeWork,Medium,,,,,,
Magnetic Force Between Two Balls,https://leetcode.com/problems/magnetic-force-between-two-balls/description/,HomeWork,Medium,,,,,,
Two Sum - Pair with Given Sum,https://www.geeksforgeeks.org/problems/key-pair5616/1,ClassWork,Easy,,,,,,
"Pair with given sum in a sorted array
",https://www.geeksforgeeks.org/problems/pair-with-given-sum-in-a-sorted-array4940/1,ClassWork,Easy,,,,,,
Count pairs with given sum,https://www.geeksforgeeks.org/problems/count-pairs-with-given-sum--150253/1?itm_source=geeksforgeeks&itm_medium=article&itm_campaign=practice_card,HomeWork,Medium,,,,,,
K-diff Pairs in an Array,https://leetcode.com/problems/k-diff-pairs-in-an-array/description/,ClassWork,Medium,,,,,,
Valid Pair Sum,https://www.geeksforgeeks.org/problems/valid-pair-sum--141631/1,HomeWork,Medium,,,,,,
Closest Pair Sum in an unsorted Array,https://www.geeksforgeeks.org/problems/closest-pair-sum-in-an-unsorted-array/1?itm_source=geeksforgeeks&itm_medium=article&itm_campaign=practice_card,ClassWork,Medium,,,,,,
Happiest Triplet,https://www.geeksforgeeks.org/problems/happiest-triplet2921/1,ClassWork,Medium,,,,,,
Find the closest pair from two arrays,https://www.geeksforgeeks.org/problems/find-the-closest-pair-from-two-arrays4215/1,ClassWork,Medium,,,,,,
Minimize Maximum Pair Sum in Array,https://leetcode.com/problems/minimize-maximum-pair-sum-in-array/description/,HomeWork,Medium,,,,,,
Maximum Distance Between a Pair of Values,https://leetcode.com/problems/maximum-distance-between-a-pair-of-values/description/,HomeWork,Medium,,,,,,
Find all pairs with a given sum,https://www.geeksforgeeks.org/problems/find-all-pairs-whose-sum-is-x5808/1,HomeWork,Medium,,,,,,
Search in a Row-Column sorted matrix,https://www.geeksforgeeks.org/problems/search-in-a-matrix17201720/1,ClassWork,Medium,,,,,,
Row with max 1s,https://www.geeksforgeeks.org/problems/row-with-max-1s0023/1,ClassWork,Medium,,,,,,
Container With Most Water,https://leetcode.com/problems/container-with-most-water/description/,ClassWork,Medium,,,,,,
Length of Longest Subarray With at Most K Frequency,https://leetcode.com/problems/length-of-longest-subarray-with-at-most-k-frequency/,ClassWork,Hard,,,,,,
Max Consecutive Ones III,https://leetcode.com/problems/max-consecutive-ones-iii/description/,HomeWork,Hard,,,,,,
Maximum Erasure Value,https://leetcode.com/problems/maximum-erasure-value/,HomeWork,Hard,,,,,,
Longest Nice Subarray,https://leetcode.com/problems/longest-nice-subarray/,HomeWork,Hard,,,,,,
Minimum Size Subarray Sum,https://leetcode.com/problems/minimum-size-subarray-sum/,ClassWork,Medium,,,,,,
Minimum Consecutive Cards to Pick Up,https://leetcode.com/problems/minimum-consecutive-cards-to-pick-up/,HomeWork,Hard,,,,,,
